sector,country,date,value
transport,AL,2009,754.562
transport,AL,2010,732.789
transport,AL,2011,768.01
transport,AL,2012,737.022
transport,AL,2013,804.074
transport,AL,2014,833.978
transport,AL,2015,829.298
transport,AL,2016,832.543
transport,AL,2017,831.899
transport,AL,2018,832.167
transport,AL,2019,834.858
transport,AL,2020,603.439
transport,AT,2009,7911.725
transport,AT,2010,8163.403
transport,AT,2011,7874.596
transport,AT,2012,7792.366
transport,AT,2013,8294.925
transport,AT,2014,8228.068
transport,AT,2015,8464.597
transport,AT,2016,8598.512
transport,AT,2017,8724.365
transport,AT,2018,8836.593
transport,AT,2019,8835.886
transport,AT,2020,7728.024
transport,BA,2014,988.905
transport,BA,2015,1030.976
transport,BA,2016,1196.912
transport,BA,2017,1248.92
transport,BA,2018,1238.269
transport,BA,2019,1322.151
transport,BA,2020,1195.818
transport,BE,2009,8983.816
transport,BE,2010,8942.501
transport,BE,2011,8799.874
transport,BE,2012,8542.173
transport,BE,2013,8387.048
transport,BE,2014,8520.783
transport,BE,2015,8910.586
transport,BE,2016,9010.348
transport,BE,2017,8858.129
transport,BE,2018,8897.132
transport,BE,2019,8835.707
transport,BE,2020,7764.756
transport,BG,2009,2761.501
transport,BG,2010,2694.753
transport,BG,2011,2759.922
transport,BG,2012,2914.39
transport,BG,2013,2620.341
transport,BG,2014,2916.487
transport,BG,2015,3211.585
transport,BG,2016,3268.077
transport,BG,2017,3324.915
transport,BG,2018,3372.188
transport,BG,2019,3409.544
transport,BG,2020,3215.317
transport,CY,2009,749.52
transport,CY,2010,765.447
transport,CY,2011,744.315
transport,CY,2012,687.941
transport,CY,2013,619.936
transport,CY,2014,599.542
transport,CY,2015,621.949
transport,CY,2016,658.147
transport,CY,2017,681.155
transport,CY,2018,684.771
transport,CY,2019,692.28
transport,CY,2020,617.279
transport,CZ,2009,6220.839
transport,CZ,2010,5916.11
transport,CZ,2011,5935.592
transport,CZ,2012,5788.889
transport,CZ,2013,5738.681
transport,CZ,2014,5948.768
transport,CZ,2015,6195.22
transport,CZ,2016,6417.093
transport,CZ,2017,6617.264
transport,CZ,2018,6659.891
transport,CZ,2019,6778.778
transport,CZ,2020,6378.679
transport,DE,2009,52532.628
transport,DE,2010,53143.376
transport,DE,2011,53638.674
transport,DE,2012,53259.098
transport,DE,2013,54240.042
transport,DE,2014,55445.775
transport,DE,2015,55144.756
transport,DE,2016,56556.589
transport,DE,2017,57247.225
transport,DE,2018,55470.398
transport,DE,2019,56220.462
transport,DE,2020,50965.833
transport,DK,2009,4387.797
transport,DK,2010,4351.728
transport,DK,2011,4340.893
transport,DK,2012,4064.881
transport,DK,2013,3997.071
transport,DK,2014,4031.418
transport,DK,2015,4217.267
transport,DK,2016,4274.602
transport,DK,2017,4264.461
transport,DK,2018,4308.604
transport,DK,2019,4236.178
transport,DK,2020,3937.089
transport,EE,2009,713.25
transport,EE,2010,754.608
transport,EE,2011,749.262
transport,EE,2012,757.812
transport,EE,2013,739.198
transport,EE,2014,741.51
transport,EE,2015,760.004
transport,EE,2016,776.895
transport,EE,2017,803.862
transport,EE,2018,832.121
transport,EE,2019,831.979
transport,EE,2020,792.765
transport,EL,2009,8354.058
transport,EL,2010,7476.887
transport,EL,2011,6705.525
transport,EL,2012,5615.546
transport,EL,2013,5608.77
transport,EL,2014,5635.497
transport,EL,2015,5753.399
transport,EL,2016,5897.048
transport,EL,2017,5815.313
transport,EL,2018,5897.204
transport,EL,2019,6045.183
transport,EL,2020,5141.857
transport,ES,2009,34807.408
transport,ES,2010,34247.277
transport,ES,2011,32463.578
transport,ES,2012,29785.944
transport,ES,2013,28189.828
transport,ES,2014,28413.265
transport,ES,2015,29426.255
transport,ES,2016,30616.378
transport,ES,2017,31731.648
transport,ES,2018,32531.635
transport,ES,2019,32951.155
transport,ES,2020,26162.033
transport,FI,2009,4131.599
transport,FI,2010,4304.201
transport,FI,2011,4300.51
transport,FI,2012,4197.694
transport,FI,2013,4209.977
transport,FI,2014,4113.791
transport,FI,2015,4105.519
transport,FI,2016,4180.495
transport,FI,2017,4194.606
transport,FI,2018,4242.019
transport,FI,2019,4178.236
transport,FI,2020,3882.493
transport,FR,2009,43544.413
transport,FR,2010,43568.598
transport,FR,2011,45242.109
transport,FR,2012,45123.116
transport,FR,2013,44815.853
transport,FR,2014,45076.465
transport,FR,2015,45539.463
transport,FR,2016,45704.835
transport,FR,2017,46056.598
transport,FR,2018,45104.155
transport,FR,2019,45100.234
transport,FR,2020,38218.653
transport,GE,2013,1110.934
transport,GE,2014,1256.162
transport,GE,2015,1365.34
transport,GE,2016,1524.342
transport,GE,2017,1384.402
transport,GE,2018,1352.728
transport,GE,2019,1404.052
transport,GE,2020,1340.38
transport,HR,2009,2068.966
transport,HR,2010,1981.14
transport,HR,2011,1942.858
transport,HR,2012,1904.545
transport,HR,2013,1925.168
transport,HR,2014,1901.456
transport,HR,2015,1997.376
transport,HR,2016,2044.565
transport,HR,2017,2196.674
transport,HR,2018,2146.863
transport,HR,2019,2235.149
transport,HR,2020,1968.602
transport,HU,2009,4480.534
transport,HU,2010,4089.374
transport,HU,2011,3812.948
transport,HU,2012,3692.233
transport,HU,2013,3459.986
transport,HU,2014,3873.295
transport,HU,2015,4181.253
transport,HU,2016,4261.874
transport,HU,2017,4496.778
transport,HU,2018,4790.228
transport,HU,2019,5070.454
transport,HU,2020,4459.34
transport,IE,2009,4162.232
transport,IE,2010,3907.952
transport,IE,2011,3706.343
transport,IE,2012,3626.675
transport,IE,2013,3687.125
transport,IE,2014,3837.779
transport,IE,2015,3886.285
transport,IE,2016,4098.209
transport,IE,2017,4052.02
transport,IE,2018,4096.898
transport,IE,2019,4123.935
transport,IE,2020,3478.749
transport,IS,2009,299.921
transport,IS,2010,284.454
transport,IS,2011,275.915
transport,IS,2012,270.221
transport,IS,2013,277.329
transport,IS,2014,278.661
transport,IS,2015,300.785
transport,IS,2016,333.071
transport,IS,2017,352.87
transport,IS,2018,369.539
transport,IS,2019,360.095
transport,IS,2020,305.373
transport,IT,2009,39131.363
transport,IT,2010,38566.288
transport,IT,2011,38572.097
transport,IT,2012,36348.734
transport,IT,2013,35701.272
transport,IT,2014,37009.372
transport,IT,2015,36374.374
transport,IT,2016,35814.501
transport,IT,2017,34525.408
transport,IT,2018,35579.484
transport,IT,2019,35861.202
transport,IT,2020,28976.458
transport,LT,2009,1465.602
transport,LT,2010,1497.054
transport,LT,2011,1483.642
transport,LT,2012,1508.424
transport,LT,2013,1502.068
transport,LT,2014,1662.623
transport,LT,2015,1750.186
transport,LT,2016,1864.513
transport,LT,2017,1960.025
transport,LT,2018,2081.494
transport,LT,2019,2150.671
transport,LT,2020,2126.456
transport,LU,2009,2060.482
transport,LU,2010,2176.135
transport,LU,2011,2307.877
transport,LU,2012,2207.321
transport,LU,2013,2166.737
transport,LU,2014,2086.962
transport,LU,2015,1958.228
transport,LU,2016,1907.236
transport,LU,2017,1966.428
transport,LU,2018,2101.34
transport,LU,2019,2153.407
transport,LU,2020,1668.44
transport,LV,2009,1038.946
transport,LV,2010,1083.453
transport,LV,2011,964.755
transport,LV,2012,929.636
transport,LV,2013,939.54
transport,LV,2014,982.367
transport,LV,2015,1037.65
transport,LV,2016,1033.562
transport,LV,2017,1080.824
transport,LV,2018,1108.725
transport,LV,2019,1098.869
transport,LV,2020,1045.5
transport,MD,2010,580.411
transport,MD,2011,620.914
transport,MD,2012,546.328
transport,MD,2013,573.806
transport,MD,2014,593.361
transport,MD,2015,648.6
transport,MD,2016,682.37
transport,MD,2017,687.658
transport,MD,2018,700.196
transport,MD,2019,717.605
transport,MD,2020,667.422
transport,ME,2009,209.464
transport,ME,2010,229.896
transport,ME,2011,213.102
transport,ME,2012,202.848
transport,ME,2013,165.309
transport,ME,2014,162.866
transport,ME,2015,186.645
transport,ME,2016,219.419
transport,ME,2017,235.525
transport,ME,2018,252.719
transport,ME,2019,265.685
transport,ME,2020,225.951
transport,MK,2009,434.746
transport,MK,2010,454.289
transport,MK,2011,475.33
transport,MK,2012,453.275
transport,MK,2013,514.739
transport,MK,2014,537.47
transport,MK,2015,596.422
transport,MK,2016,679.961
transport,MK,2017,705.735
transport,MK,2018,705.468
transport,MK,2019,762.509
transport,MK,2020,646.867
transport,MT,2009,169.39
transport,MT,2010,185.188
transport,MT,2011,183.239
transport,MT,2012,181.194
transport,MT,2013,183.709
transport,MT,2014,187.942
transport,MT,2015,199.764
transport,MT,2016,199.742
transport,MT,2017,207.327
transport,MT,2018,231.472
transport,MT,2019,246.232
transport,MT,2020,202.598
transport,NL,2009,11596.581
transport,NL,2010,11656.504
transport,NL,2011,11786.205
transport,NL,2012,11278.336
transport,NL,2013,10984.586
transport,NL,2014,10261.81
transport,NL,2015,10408.128
transport,NL,2016,10408.003
transport,NL,2017,10611.031
transport,NL,2018,10951.856
transport,NL,2019,10876.185
transport,NL,2020,9299.42
transport,NO,2009,4681.502
transport,NO,2010,4859.965
transport,NO,2011,4852.894
transport,NO,2012,4918.933
transport,NO,2013,4893.947
transport,NO,2014,5018.371
transport,NO,2015,4987.372
transport,NO,2016,4997.161
transport,NO,2017,4913.693
transport,NO,2018,4780.121
transport,NO,2019,4836.364
transport,NO,2020,4516.03
transport,PL,2009,16162.094
transport,PL,2010,17187.318
transport,PL,2011,17408.462
transport,PL,2012,16680.367
transport,PL,2013,15744.034
transport,PL,2014,15804.963
transport,PL,2015,16561.073
transport,PL,2016,18557.186
transport,PL,2017,21431.698
transport,PL,2018,22349.398
transport,PL,2019,22782.296
transport,PL,2020,21778.636
transport,PT,2009,6506.562
transport,PT,2010,6465.711
transport,PT,2011,6002.257
transport,PT,2012,5531.309
transport,PT,2013,5435.469
transport,PT,2014,5464.228
transport,PT,2015,5555.183
transport,PT,2016,5690.973
transport,PT,2017,5788.829
transport,PT,2018,5848.197
transport,PT,2019,5983.256
transport,PT,2020,5009.318
transport,RO,2009,5268.425
transport,RO,2010,4965.841
transport,RO,2011,5212.55
transport,RO,2012,5314.735
transport,RO,2013,5188.743
transport,RO,2014,5266.333
transport,RO,2015,5337.702
transport,RO,2016,5738.034
transport,RO,2017,6149.188
transport,RO,2018,6303.748
transport,RO,2019,6571.907
transport,RO,2020,6460.8
transport,RS,2009,2248.467
transport,RS,2010,2230.695
transport,RS,2011,2042.18
transport,RS,2012,1806.836
transport,RS,2013,1972.215
transport,RS,2014,2041.408
transport,RS,2015,1986.102
transport,RS,2016,2029.445
transport,RS,2017,2113.345
transport,RS,2018,2136.951
transport,RS,2019,2306.862
transport,RS,2020,2196.88
transport,SE,2009,7375.187
transport,SE,2010,7502.59
transport,SE,2011,7510.93
transport,SE,2012,7232.473
transport,SE,2013,7148.502
transport,SE,2014,7145.92
transport,SE,2015,7295.5
transport,SE,2016,7224.832
transport,SE,2017,7307.861
transport,SE,2018,7127.429
transport,SE,2019,7028.281
transport,SE,2020,6619.716
transport,SI,2009,1719.587
transport,SI,2010,1778.392
transport,SI,2011,1882.202
transport,SI,2012,1899.103
transport,SI,2013,1809.666
transport,SI,2014,1794.9
transport,SI,2015,1772.57
transport,SI,2016,1882.533
transport,SI,2017,1934.203
transport,SI,2018,1974.63
transport,SI,2019,1926.584
transport,SI,2020,1583.246
transport,SK,2009,2314.2
transport,SK,2010,2595.378
transport,SK,2011,2596.766
transport,SK,2012,2299.84
transport,SK,2013,2308.716
transport,SK,2014,2176.422
transport,SK,2015,2168.799
transport,SK,2016,2429.877
transport,SK,2017,2772.655
transport,SK,2018,2744.051
transport,SK,2019,2789.729
transport,SK,2020,2487.886
transport,TR,2009,15119.965
transport,TR,2010,14813.898
transport,TR,2011,15036.935
transport,TR,2012,17724.906
transport,TR,2013,19638.094
transport,TR,2014,20972.194
transport,TR,2015,24502.533
transport,TR,2016,27030.056
transport,TR,2017,28305.848
transport,TR,2018,28607.306
transport,TR,2019,28388.778
transport,TR,2020,26664.835
transport,UA,2009,12792.577
transport,UA,2010,12917.129
transport,UA,2011,12875.18
transport,UA,2012,11772.36
transport,UA,2013,11848.904
transport,UA,2014,10299.778
transport,UA,2015,8721.254
transport,UA,2016,9133.661
transport,UA,2017,9590.778
transport,UA,2018,9417.827
transport,UA,2019,10029.097
transport,UA,2020,8017.678
transport,UK,2009,41069.453
transport,UK,2010,40437.3
transport,UK,2011,39907.728
transport,UK,2012,39748.786
transport,UK,2013,39491.557
transport,UK,2014,40108.27
transport,UK,2015,40889.253
transport,UK,2016,41819.63
transport,UK,2017,41928.904
transport,UK,2018,41759.75
transport,UK,2019,41463.198
transport,XK,2009,341.556
transport,XK,2010,319.647
transport,XK,2011,330.601
transport,XK,2012,333.486
transport,XK,2013,270.401
transport,XK,2014,344.017
transport,XK,2015,380.384
transport,XK,2016,395.981
transport,XK,2017,410.191
transport,XK,2018,429.875
transport,XK,2019,428.184
transport,XK,2020,421.572
industry,AL,2009,282.307
industry,AL,2010,354.766
industry,AL,2011,379.51
industry,AL,2012,276.839
industry,AL,2013,281.451
industry,AL,2014,372.768
industry,AL,2015,301.176
industry,AL,2016,285.923
industry,AL,2017,405.514
industry,AL,2018,457.432
industry,AL,2019,366.407
industry,AL,2020,385.24
industry,AT,2009,7126.442
industry,AT,2010,7567.819
industry,AT,2011,7597.055
industry,AT,2012,7654.898
industry,AT,2013,7493.815
industry,AT,2014,7341.643
industry,AT,2015,7365.049
industry,AT,2016,7608.787
industry,AT,2017,7629.492
industry,AT,2018,7559.531
industry,AT,2019,7542.72
industry,AT,2020,7322.451
industry,BA,2014,717.286
industry,BA,2015,756.627
industry,BA,2016,754.104
industry,BA,2017,828.931
industry,BA,2018,863.498
industry,BA,2019,737.688
industry,BA,2020,604.742
industry,BE,2009,9646.804
industry,BE,2010,10956.415
industry,BE,2011,10560.732
industry,BE,2012,10535.124
industry,BE,2013,10770.704
industry,BE,2014,10605.158
industry,BE,2015,10609.864
industry,BE,2016,10663.329
industry,BE,2017,10468.998
industry,BE,2018,10707.991
industry,BE,2019,10334.863
industry,BE,2020,10023.236
industry,BG,2009,2442.063
industry,BG,2010,2549.961
industry,BG,2011,2696.44
industry,BG,2012,2566.576
industry,BG,2013,2595.527
industry,BG,2014,2617.523
industry,BG,2015,2719.641
industry,BG,2016,2655.459
industry,BG,2017,2757.516
industry,BG,2018,2736.144
industry,BG,2019,2678.806
industry,BG,2020,2646.35
industry,CY,2009,261.129
industry,CY,2010,236.322
industry,CY,2011,210.304
industry,CY,2012,173.464
industry,CY,2013,186.089
industry,CY,2014,225.539
industry,CY,2015,211.592
industry,CY,2016,215.369
industry,CY,2017,234.2
industry,CY,2018,227.688
industry,CY,2019,228.648
industry,CY,2020,244.646
industry,CZ,2009,7355.363
industry,CZ,2010,6888.698
industry,CZ,2011,6770.87
industry,CZ,2012,6721.828
industry,CZ,2013,6421.714
industry,CZ,2014,6325.607
industry,CZ,2015,6471.744
industry,CZ,2016,6407.645
industry,CZ,2017,6729.23
industry,CZ,2018,6694.234
industry,CZ,2019,6613.436
industry,CZ,2020,6554.352
industry,DE,2009,50487.292
industry,DE,2010,56668.914
industry,DE,2011,57409.744
industry,DE,2012,56712.955
industry,DE,2013,56347.486
industry,DE,2014,55725.644
industry,DE,2015,56067.59
industry,DE,2016,56677.082
industry,DE,2017,57146.089
industry,DE,2018,57090.092
industry,DE,2019,55649.346
industry,DE,2020,54188.966
industry,DK,2009,2353.089
industry,DK,2010,2447.235
industry,DK,2011,2442.845
industry,DK,2012,2303.859
industry,DK,2013,2179.683
industry,DK,2014,2120.897
industry,DK,2015,2109.643
industry,DK,2016,2165.897
industry,DK,2017,2284.765
industry,DK,2018,2318.721
industry,DK,2019,2257.326
industry,DK,2020,2304.254
industry,EE,2009,529.854
industry,EE,2010,577.671
industry,EE,2011,586.045
industry,EE,2012,564.247
industry,EE,2013,639.597
industry,EE,2014,555.819
industry,EE,2015,535.033
industry,EE,2016,457.757
industry,EE,2017,462.926
industry,EE,2018,487.808
industry,EE,2019,459.267
industry,EE,2020,407.97
industry,EL,2009,3462.364
industry,EL,2010,3472.811
industry,EL,2011,3322.823
industry,EL,2012,2995.491
industry,EL,2013,2835.531
industry,EL,2014,3088.3
industry,EL,2015,3128.446
industry,EL,2016,3073.122
industry,EL,2017,2762.817
industry,EL,2018,2738.854
industry,EL,2019,2587.606
industry,EL,2020,2523.498
industry,ES,2009,20698.891
industry,ES,2010,20781.483
industry,ES,2011,20627.827
industry,ES,2012,20107.728
industry,ES,2013,19601.617
industry,ES,2014,19311.864
industry,ES,2015,18691.281
industry,ES,2016,19897.234
industry,ES,2017,20394.457
industry,ES,2018,20666.439
industry,ES,2019,20642.726
industry,ES,2020,18840.56
industry,FI,2009,9373.885
industry,FI,2010,10714.785
industry,FI,2011,10520.526
industry,FI,2012,10235.612
industry,FI,2013,10270.316
industry,FI,2014,10218.631
industry,FI,2015,10208.687
industry,FI,2016,10531.027
industry,FI,2017,10696.042
industry,FI,2018,11065.527
industry,FI,2019,10963.152
industry,FI,2020,10248.233
industry,FR,2009,26277.824
industry,FR,2010,27739.167
industry,FR,2011,29667.704
industry,FR,2012,29419.823
industry,FR,2013,29384.605
industry,FR,2014,28116.135
industry,FR,2015,27886.627
industry,FR,2016,28584.483
industry,FR,2017,27589.636
industry,FR,2018,28197.729
industry,FR,2019,27500.35
industry,FR,2020,25798.379
industry,GE,2013,732.824
industry,GE,2014,759.094
industry,GE,2015,776.551
industry,GE,2016,747.355
industry,GE,2017,836.142
industry,GE,2018,868.278
industry,GE,2019,822.425
industry,GE,2020,783.177
industry,HR,2009,1372.061
industry,HR,2010,1329.298
industry,HR,2011,1246.281
industry,HR,2012,1098.882
industry,HR,2013,1075.385
industry,HR,2014,1066.757
industry,HR,2015,1056.526
industry,HR,2016,1057.393
industry,HR,2017,1148.118
industry,HR,2018,1161.853
industry,HR,2019,1172.434
industry,HR,2020,1171.209
industry,HU,2009,2424.57
industry,HU,2010,2604.791
industry,HU,2011,2998.149
industry,HU,2012,3182.392
industry,HU,2013,3725.701
industry,HU,2014,3705.025
industry,HU,2015,3867.221
industry,HU,2016,3995.724
industry,HU,2017,4282.774
industry,HU,2018,4453.878
industry,HU,2019,4460.455
industry,HU,2020,4431.346
industry,IE,2009,1852.092
industry,IE,2010,1854.207
industry,IE,2011,1730.153
industry,IE,2012,1727.191
industry,IE,2013,1806.749
industry,IE,2014,1994.607
industry,IE,2015,2006.61
industry,IE,2016,2082.813
industry,IE,2017,2164.59
industry,IE,2018,2259.307
industry,IE,2019,2248.457
industry,IE,2020,2166.932
industry,IS,2009,1307.81
industry,IS,2010,1299.919
industry,IS,2011,1324.183
industry,IS,2012,1359.322
industry,IS,2013,1424.41
industry,IS,2014,1442.055
industry,IS,2015,1460.048
industry,IS,2016,1344.211
industry,IS,2017,1394.304
industry,IS,2018,1401.396
industry,IS,2019,1315.423
industry,IS,2020,1298.425
industry,IT,2009,28552.887
industry,IT,2010,29014.718
industry,IT,2011,27744.858
industry,IT,2012,26948.704
industry,IT,2013,25353.587
industry,IT,2014,24739.085
industry,IT,2015,24853.372
industry,IT,2016,25088.949
industry,IT,2017,24925.749
industry,IT,2018,24663.854
industry,IT,2019,24928.486
industry,IT,2020,23861.103
industry,LT,2009,872.141
industry,LT,2010,949.629
industry,LT,2011,1013.346
industry,LT,2012,1071.759
industry,LT,2013,1037.327
industry,LT,2014,1033.722
industry,LT,2015,982.755
industry,LT,2016,988.969
industry,LT,2017,1070.927
industry,LT,2018,1106.588
industry,LT,2019,1113.763
industry,LT,2020,1024.34
industry,LU,2009,675.084
industry,LU,2010,753.212
industry,LU,2011,738.941
industry,LU,2012,693.133
industry,LU,2013,662.241
industry,LU,2014,662.991
industry,LU,2015,645.852
industry,LU,2016,672.673
industry,LU,2017,630.695
industry,LU,2018,648.871
industry,LU,2019,631.731
industry,LU,2020,584.698
industry,LV,2009,651.715
industry,LV,2010,773.847
industry,LV,2011,747.755
industry,LV,2012,827.436
industry,LV,2013,767.643
industry,LV,2014,791.158
industry,LV,2015,787.78
industry,LV,2016,748.954
industry,LV,2017,793.356
industry,LV,2018,897.892
industry,LV,2019,852.758
industry,LV,2020,870.923
industry,MD,2010,224.763
industry,MD,2011,232.392
industry,MD,2012,234.103
industry,MD,2013,250.298
industry,MD,2014,227.156
industry,MD,2015,212.33
industry,MD,2016,196.056
industry,MD,2017,211.736
industry,MD,2018,248.859
industry,MD,2019,231.631
industry,MD,2020,224.29
industry,ME,2009,233.276
industry,ME,2010,199.25
industry,ME,2011,226.735
industry,ME,2012,203.208
industry,ME,2013,183.351
industry,ME,2014,133.191
industry,ME,2015,131.817
industry,ME,2016,120.024
industry,ME,2017,139.009
industry,ME,2018,135.524
industry,ME,2019,137.222
industry,ME,2020,133.129
industry,MK,2009,427.237
industry,MK,2010,542.23
industry,MK,2011,633.919
industry,MK,2012,579.083
industry,MK,2013,555.332
industry,MK,2014,517.614
industry,MK,2015,474.779
industry,MK,2016,441.263
industry,MK,2017,388.256
industry,MK,2018,412.335
industry,MK,2019,450.049
industry,MK,2020,463.322
industry,MT,2009,51.93
industry,MT,2010,44.12
industry,MT,2011,39.867
industry,MT,2012,43.762
industry,MT,2013,52.23
industry,MT,2014,55.495
industry,MT,2015,55.139
industry,MT,2016,54.925
industry,MT,2017,57.156
industry,MT,2018,54.883
industry,MT,2019,56.767
industry,MT,2020,58.423
industry,NL,2009,13364.817
industry,NL,2010,14419.099
industry,NL,2011,13868.099
industry,NL,2012,13680.315
industry,NL,2013,13501.601
industry,NL,2014,13236.577
industry,NL,2015,12922.328
industry,NL,2016,13547.016
industry,NL,2017,13612.266
industry,NL,2018,13465.281
industry,NL,2019,13043.89
industry,NL,2020,13118.37
industry,NO,2009,5491.896
industry,NO,2010,6253.211
industry,NO,2011,6250.184
industry,NO,2012,6033.135
industry,NO,2013,6049.522
industry,NO,2014,5942.082
industry,NO,2015,5984.277
industry,NO,2016,5993.18
industry,NO,2017,6103.478
industry,NO,2018,6248.278
industry,NO,2019,6258.222
industry,NO,2020,6321.49
industry,PL,2009,12823.318
industry,PL,2010,13499.29
industry,PL,2011,13961.482
industry,PL,2012,13733.264
industry,PL,2013,14210.705
industry,PL,2014,14153.252
industry,PL,2015,14095.62
industry,PL,2016,14652.42
industry,PL,2017,15819.88
industry,PL,2018,16327.935
industry,PL,2019,16492.204
industry,PL,2020,15921.165
industry,PT,2009,5213.596
industry,PT,2010,5456.022
industry,PT,2011,5351.641
industry,PT,2012,4606.171
industry,PT,2013,4598.647
industry,PT,2014,4405.499
industry,PT,2015,4411.521
industry,PT,2016,4381.447
industry,PT,2017,4525.297
industry,PT,2018,4554.961
industry,PT,2019,4618.957
industry,PT,2020,4503.027
industry,RO,2009,6144.626
industry,RO,2010,6484.195
industry,RO,2011,7059.692
industry,RO,2012,6748.255
industry,RO,2013,6272.845
industry,RO,2014,6427.425
industry,RO,2015,6418.898
industry,RO,2016,6263.796
industry,RO,2017,6437.729
industry,RO,2018,6612.433
industry,RO,2019,6661.063
industry,RO,2020,6437.031
industry,RS,2009,1992.663
industry,RS,2010,2428.856
industry,RS,2011,2740.411
industry,RS,2012,2463.907
industry,RS,2013,2395.892
industry,RS,2014,1955.64
industry,RS,2015,2046.575
industry,RS,2016,2174.147
industry,RS,2017,2266.02
industry,RS,2018,2397.904
industry,RS,2019,2183.785
industry,RS,2020,1966.405
industry,SE,2009,10894.581
industry,SE,2010,11649.777
industry,SE,2011,11290.404
industry,SE,2012,11244.099
industry,SE,2013,11029.728
industry,SE,2014,10799.075
industry,SE,2015,11019.17
industry,SE,2016,10971.244
industry,SE,2017,10917.194
industry,SE,2018,11013.378
industry,SE,2019,10891.752
industry,SE,2020,11562.254
industry,SI,2009,1221.108
industry,SI,2010,1274.056
industry,SI,2011,1236.892
industry,SI,2012,1207.414
industry,SI,2013,1197.651
industry,SI,2014,1231.213
industry,SI,2015,1228.021
industry,SI,2016,1242.337
industry,SI,2017,1295.612
industry,SI,2018,1319.206
industry,SI,2019,1322.211
industry,SI,2020,1259.997
industry,SK,2009,3118.543
industry,SK,2010,3224.086
industry,SK,2011,3255.331
industry,SK,2012,3233.817
industry,SK,2013,3114.817
industry,SK,2014,3241.628
industry,SK,2015,3333.371
industry,SK,2016,3308.576
industry,SK,2017,3452.442
industry,SK,2018,3662.539
industry,SK,2019,3463.68
industry,SK,2020,3138.177
industry,TR,2009,18944.871
industry,TR,2010,22315.535
industry,TR,2011,24891.605
industry,TR,2012,25566.818
industry,TR,2013,24029.04
industry,TR,2014,25101.897
industry,TR,2015,26109.622
industry,TR,2016,26330.093
industry,TR,2017,32121.826
industry,TR,2018,32331.058
industry,TR,2019,30491.713
industry,TR,2020,32577.26
industry,UA,2009,22236.711
industry,UA,2010,24938.886
industry,UA,2011,25810.737
industry,UA,2012,23981.954
industry,UA,2013,21841.758
industry,UA,2014,20568.374
industry,UA,2015,16377.631
industry,UA,2016,15512.409
industry,UA,2017,15094.859
industry,UA,2018,16416.222
industry,UA,2019,16126.577
industry,UA,2020,15979.57
industry,UK,2009,24360.055
industry,UK,2010,25596.576
industry,UK,2011,23952.179
industry,UK,2012,23613.28
industry,UK,2013,23643.762
industry,UK,2014,22967.703
industry,UK,2015,23060.44
industry,UK,2016,21304.966
industry,UK,2017,21625.725
industry,UK,2018,21689.348
industry,UK,2019,21118.796
industry,XK,2009,241.752
industry,XK,2010,277.582
industry,XK,2011,307.986
industry,XK,2012,273.752
industry,XK,2013,262.9
industry,XK,2014,245.253
industry,XK,2015,307.181
industry,XK,2016,281.257
industry,XK,2017,313.24
industry,XK,2018,281.795
industry,XK,2019,299.97
industry,XK,2020,302.386
household,AL,2009,487.171
household,AL,2010,489.039
household,AL,2011,498.28
household,AL,2012,509.086
household,AL,2013,580.003
household,AL,2014,556.243
household,AL,2015,532.287
household,AL,2016,496.35
household,AL,2017,492.58
household,AL,2018,510.484
household,AL,2019,504.986
household,AL,2020,541.03
household,AT,2009,6492.475
household,AT,2010,7070.224
household,AT,2011,6551.691
household,AT,2012,6677.912
household,AT,2013,6923.356
household,AT,2014,6239.87
household,AT,2015,6631.937
household,AT,2016,6909.468
household,AT,2017,6955.601
household,AT,2018,6531.091
household,AT,2019,6677.534
household,AT,2020,6683.075
household,BA,2014,980.816
household,BA,2015,1113.03
household,BA,2016,1139.361
household,BA,2017,1045.641
household,BA,2018,1719.424
household,BA,2019,1686.605
household,BA,2020,1800.213
household,BE,2009,8649.642
household,BE,2010,9623.737
household,BE,2011,8017.36
household,BE,2012,8492.49
household,BE,2013,9122.367
household,BE,2014,7452.761
household,BE,2015,8235.112
household,BE,2016,8271.116
household,BE,2017,8143.814
household,BE,2018,8064.398
household,BE,2019,7856.408
household,BE,2020,7934.525
household,BG,2009,2114.011
household,BG,2010,2243.338
household,BG,2011,2374.281
household,BG,2012,2352.559
household,BG,2013,2241.036
household,BG,2014,2164.991
household,BG,2015,2192.912
household,BG,2016,2252.111
household,BG,2017,2318.715
household,BG,2018,2229.672
household,BG,2019,2162.252
household,BG,2020,2382.245
household,CY,2009,358.796
household,CY,2010,336.524
household,CY,2011,356.538
household,CY,2012,351.763
household,CY,2013,306.622
household,CY,2014,293.742
household,CY,2015,326.614
household,CY,2016,335.594
household,CY,2017,345.146
household,CY,2018,337.179
household,CY,2019,362.606
household,CY,2020,364.493
household,CZ,2009,6656.571
household,CZ,2010,7440.711
household,CZ,2011,6863.723
household,CZ,2012,7115.57
household,CZ,2013,7269.133
household,CZ,2014,6554.173
household,CZ,2015,6769.51
household,CZ,2016,7090.172
household,CZ,2017,7202.965
household,CZ,2018,7042.708
household,CZ,2019,6963.387
household,CZ,2020,7148.052
household,DE,2009,59464.701
household,DE,2010,63839.122
household,DE,2011,56020.249
household,DE,2012,59188.124
household,DE,2013,62517.628
household,DE,2014,53648.149
household,DE,2015,54959.824
household,DE,2016,56963.58
household,DE,2017,56777.115
household,DE,2018,55822.36
household,DE,2019,57743.03
household,DE,2020,57989.236
household,DK,2009,4510.054
household,DK,2010,5005.148
household,DK,2011,4496.285
household,DK,2012,4444.48
household,DK,2013,4484.149
household,DK,2014,4146.3
household,DK,2015,4442.024
household,DK,2016,4585.481
household,DK,2017,4501.325
household,DK,2018,4450.321
household,DK,2019,4391.558
household,DK,2020,4323.483
household,EE,2009,970.068
household,EE,2010,1026.849
household,EE,2011,935.253
household,EE,2012,970.828
household,EE,2013,933.506
household,EE,2014,888.143
household,EE,2015,857.435
household,EE,2016,930.578
household,EE,2017,940.914
household,EE,2018,941.03
household,EE,2019,951.328
household,EE,2020,944.664
household,EL,2009,4887.508
household,EL,2010,4666.492
household,EL,2011,5526.044
household,EL,2012,5096.015
household,EL,2013,3821.337
household,EL,2014,3844.875
household,EL,2015,4460.625
household,EL,2016,4348.678
household,EL,2017,4413.305
household,EL,2018,3914.348
household,EL,2019,4113.967
household,EL,2020,4290.417
household,ES,2009,15957.589
household,ES,2010,16951.831
household,ES,2011,15633.895
household,ES,2012,15530.469
household,ES,2013,14888.925
household,ES,2014,14787.31
household,ES,2015,15269.842
household,ES,2016,14331.695
household,ES,2017,14392.022
household,ES,2018,15178.832
household,ES,2019,14447.71
household,ES,2020,14558.175
household,FI,2009,5246.647
household,FI,2010,5811.234
household,FI,2011,5091.152
household,FI,2012,5455.636
household,FI,2013,5172.734
household,FI,2014,5126.199
household,FI,2015,4950.975
household,FI,2016,5342.235
household,FI,2017,5761.435
household,FI,2018,5691.11
household,FI,2019,5631.035
household,FI,2020,5289.256
household,FR,2009,43976.87
household,FR,2010,45407.793
household,FR,2011,39677.038
household,FR,2012,43710.318
household,FR,2013,45858.27
household,FR,2014,37786.86
household,FR,2015,39906.35
household,FR,2016,41834.982
household,FR,2017,41112.358
household,FR,2018,39759.77
household,FR,2019,39619.892
household,FR,2020,38710.694
household,GE,2013,1159.32
household,GE,2014,1194.979
household,GE,2015,1201.348
household,GE,2016,1266.269
household,GE,2017,1336.297
household,GE,2018,1227.303
household,GE,2019,1300.65
household,GE,2020,1408.174
household,HR,2009,2644.875
household,HR,2010,2770.684
household,HR,2011,2643.689
household,HR,2012,2561.737
household,HR,2013,2493.049
household,HR,2014,2228.381
household,HR,2015,2429.885
household,HR,2016,2408.902
household,HR,2017,2392.794
household,HR,2018,2298.942
household,HR,2019,2238.639
household,HR,2020,2277.143
household,HU,2009,6311.473
household,HU,2010,6648.743
household,HU,2011,6569.577
household,HU,2012,6375.847
household,HU,2013,6209.747
household,HU,2014,5487.452
household,HU,2015,5969.813
household,HU,2016,6172.733
household,HU,2017,6294.138
household,HU,2018,5818.115
household,HU,2019,5676.869
household,HU,2020,5966.452
household,IE,2009,3411.573
household,IE,2010,3573.38
household,IE,2011,3133.548
household,IE,2012,2984.811
household,IE,2013,2910.357
household,IE,2014,2623.674
household,IE,2015,2790.719
household,IE,2016,2867.358
household,IE,2017,2775.896
household,IE,2018,2963.959
household,IE,2019,2880.357
household,IE,2020,3124.883
household,IS,2009,375.096
household,IS,2010,377.577
household,IS,2011,370.818
household,IS,2012,400.502
household,IS,2013,399.164
household,IS,2014,384.692
household,IS,2015,392.234
household,IS,2016,423.296
household,IS,2017,422.526
household,IS,2018,505.489
household,IS,2019,454.055
household,IS,2020,482.238
household,IT,2009,34040.636
household,IT,2010,35392.911
household,IT,2011,32378.063
household,IT,2012,34348.336
household,IT,2013,34230.62
household,IT,2014,29545.98
household,IT,2015,32494.483
household,IT,2016,32185.101
household,IT,2017,32898.639
household,IT,2018,31905.559
household,IT,2019,31138.335
household,IT,2020,30655.992
household,LT,2009,1568.648
household,LT,2010,1593.216
household,LT,2011,1532.207
household,LT,2012,1534.798
household,LT,2013,1467.198
household,LT,2014,1400.9
household,LT,2015,1359.131
household,LT,2016,1433.211
household,LT,2017,1455.374
household,LT,2018,1511.606
household,LT,2019,1447.177
household,LT,2020,1433.361
household,LU,2009,517.987
household,LU,2010,512.414
household,LU,2011,477.528
household,LU,2012,490.129
household,LU,2013,498.03
household,LU,2014,467.848
household,LU,2015,508.672
household,LU,2016,524.557
household,LU,2017,534.537
household,LU,2018,499.165
household,LU,2019,461.494
household,LU,2020,495.707
household,LV,2009,1534.586
household,LV,2010,1388.905
household,LV,2011,1327.389
household,LV,2012,1376.24
household,LV,2013,1267.242
household,LV,2014,1238.471
household,LV,2015,1105.582
household,LV,2016,1143.483
household,LV,2017,1195.604
household,LV,2018,1231.009
household,LV,2019,1187.967
household,LV,2020,1115.366
household,MD,2010,1112.668
household,MD,2011,1137.092
household,MD,2012,1155.36
household,MD,2013,1147.203
household,MD,2014,1169.757
household,MD,2015,1179.946
household,MD,2016,1233.669
household,MD,2017,1316.751
household,MD,2018,1356.862
household,MD,2019,1237.815
household,MD,2020,1254.86
household,ME,2009,266.275
household,ME,2010,274.679
household,ME,2011,268.887
household,ME,2012,281.347
household,ME,2013,269.251
household,ME,2014,256.273
household,ME,2015,265.421
household,ME,2016,264.617
household,ME,2017,263.151
household,ME,2018,248.017
household,ME,2019,243.959
household,ME,2020,243.169
household,MK,2009,549.169
household,MK,2010,538.208
household,MK,2011,567.027
household,MK,2012,559.01
household,MK,2013,519.019
household,MK,2014,523.579
household,MK,2015,531.06
household,MK,2016,491.613
household,MK,2017,529.132
household,MK,2018,483.576
household,MK,2019,492.266
household,MK,2020,513.382
household,MT,2009,64.393
household,MT,2010,69.245
household,MT,2011,68.76
household,MT,2012,72.178
household,MT,2013,73.999
household,MT,2014,73.904
household,MT,2015,79.865
household,MT,2016,77.575
household,MT,2017,91.096
household,MT,2018,96.33
household,MT,2019,103.253
household,MT,2020,104.913
household,NL,2009,11027.901
household,NL,2010,12480.144
household,NL,2011,10280.98
household,NL,2012,10866.787
household,NL,2013,11412.549
household,NL,2014,9116.954
household,NL,2015,9547.202
household,NL,2016,9839.39
household,NL,2017,9627.391
household,NL,2018,9646.473
household,NL,2019,9460.649
household,NL,2020,9312.144
household,NO,2009,4227.355
household,NO,2010,4734.338
household,NO,2011,4278.75
household,NO,2012,4530.381
household,NO,2013,4483.646
household,NO,2014,4215.799
household,NO,2015,4385.799
household,NO,2016,4438.346
household,NO,2017,4533.744
household,NO,2018,4579.261
household,NO,2019,4565.951
household,NO,2020,4434.49
household,PL,2009,19991.704
household,PL,2010,22003.223
household,PL,2011,20130.337
household,PL,2012,20812.831
household,PL,2013,20492.342
household,PL,2014,19034.91
household,PL,2015,19032.33
household,PL,2016,19886.419
household,PL,2017,20063.013
household,PL,2018,22557.493
household,PL,2019,20993.899
household,PL,2020,21101.347
household,PT,2009,3197.832
household,PT,2010,2970.645
household,PT,2011,2777.129
household,PT,2012,2694.958
household,PT,2013,2634.808
household,PT,2014,2776.692
household,PT,2015,2751.749
household,PT,2016,2819.484
household,PT,2017,2801.785
household,PT,2018,2877.758
household,PT,2019,2891.348
household,PT,2020,3013.003
household,RO,2009,8015.179
household,RO,2010,8102.009
household,RO,2011,7859.678
household,RO,2012,8060.582
household,RO,2013,7721.97
household,RO,2014,7409.681
household,RO,2015,7375.183
household,RO,2016,7414.92
household,RO,2017,7732.038
household,RO,2018,7775.08
household,RO,2019,7753.283
household,RO,2020,8007.426
household,RS,2009,3043.422
household,RS,2010,3078.701
household,RS,2011,3134.547
household,RS,2012,3122.404
household,RS,2013,2846.752
household,RS,2014,2752.774
household,RS,2015,2826.151
household,RS,2016,2924.257
household,RS,2017,2853.554
household,RS,2018,2838.427
household,RS,2019,2854.671
household,RS,2020,3488.069
household,SE,2009,7232.548
household,SE,2010,8282.685
household,SE,2011,7681.81
household,SE,2012,8053.653
household,SE,2013,7694.262
household,SE,2014,7229.333
household,SE,2015,7411.176
household,SE,2016,7659.147
household,SE,2017,7696.829
household,SE,2018,7490.34
household,SE,2019,7363.914
household,SE,2020,7200.324
household,SI,2009,1320.449
household,SI,2010,1364.215
household,SI,2011,1302.665
household,SI,2012,1255.831
household,SI,2013,1240.442
household,SI,2014,1060.707
household,SI,2015,1166.185
household,SI,2016,1186.482
household,SI,2017,1156.364
household,SI,2018,1084.519
household,SI,2019,1057.452
household,SI,2020,1072.435
household,SK,2009,2147.493
household,SK,2010,2311.582
household,SK,2011,2121.122
household,SK,2012,2070.086
household,SK,2013,2146.977
household,SK,2014,1951.912
household,SK,2015,1987.662
household,SK,2016,2030.217
household,SK,2017,2108.641
household,SK,2018,2057.519
household,SK,2019,2643.412
household,SK,2020,2744.571
household,TR,2009,18864.658
household,TR,2010,19414.937
household,TR,2011,20809.776
household,TR,2012,20187.463
household,TR,2013,19807.984
household,TR,2014,19166.344
household,TR,2015,20153.33
household,TR,2016,20711.118
household,TR,2017,22167.051
household,TR,2018,20557.145
household,TR,2019,21563.923
household,TR,2020,23029.022
household,UA,2009,22120.183
household,UA,2010,23838.511
household,UA,2011,23587.848
household,UA,2012,23454.289
household,UA,2013,23446.497
household,UA,2014,20357.427
household,UA,2015,16551.87
household,UA,2016,17348.751
household,UA,2017,16483.165
household,UA,2018,15986.088
household,UA,2019,14015.7
household,UA,2020,13654.325
household,UK,2009,41324.922
household,UK,2010,45512.575
household,UK,2011,37786.091
household,UK,2012,40957.945
household,UK,2013,41458.259
household,UK,2014,35813.099
household,UK,2015,37257.018
household,UK,2016,37970.686
household,UK,2017,36772.29
household,UK,2018,38307.568
household,UK,2019,38134.984
household,XK,2009,455.628
household,XK,2010,461.84
household,XK,2011,491.178
household,XK,2012,474.234
household,XK,2013,494.163
household,XK,2014,479.943
household,XK,2015,476.388
household,XK,2016,549.413
household,XK,2017,571.465
household,XK,2018,573.404
household,XK,2019,586.881
household,XK,2020,608.818
all,AL,2009,1840.737
all,AL,2010,1897.918
all,AL,2011,1953.468
all,AL,2012,1790.623
all,AL,2013,1961.871
all,AL,2014,2058.574
all,AL,2015,1962.498
all,AL,2016,1899.558
all,AL,2017,2078.928
all,AL,2018,2134.212
all,AL,2019,2053.036
all,AL,2020,1846.436
all,AT,2009,24684.381
all,AT,2010,25961.403
all,AT,2011,25096.146
all,AT,2012,25203.967
all,AT,2013,25800.573
all,AT,2014,24762.326
all,AT,2015,25476.389
all,AT,2016,26099.94
all,AT,2017,26503.187
all,AT,2018,26038.72
all,AT,2019,26227.621
all,AT,2020,24817.272
all,BA,2014,3103.624
all,BA,2015,3316.907
all,BA,2016,3543.934
all,BA,2017,3497.933
all,BA,2018,4211.931
all,BA,2019,4192.651
all,BA,2020,4025.379
all,BE,2009,32846.39
all,BE,2010,35402.324
all,BE,2011,32573.219
all,BE,2012,33008.826
all,BE,2013,34059.593
all,BE,2014,31580.693
all,BE,2015,33149.908
all,BE,2016,33427.056
all,BE,2017,32966.074
all,BE,2018,33183.95
all,BE,2019,32579.814
all,BE,2020,31039.168
all,BG,2009,8471.946
all,BG,2010,8699.392
all,BG,2011,9125.105
all,BG,2012,9103.369
all,BG,2013,8680.757
all,BG,2014,8881.501
all,BG,2015,9388.553
all,BG,2016,9517.949
all,BG,2017,9745.903
all,BG,2018,9755.122
all,BG,2019,9706.772
all,BG,2020,9512.739
all,CY,2009,1661.85
all,CY,2010,1645.788
all,CY,2011,1614.212
all,CY,2012,1492.799
all,CY,2013,1372.455
all,CY,2014,1377.348
all,CY,2015,1423.923
all,CY,2016,1490.606
all,CY,2017,1551.546
all,CY,2018,1581.273
all,CY,2019,1626.652
all,CY,2020,1528.558
all,CZ,2009,23795.329
all,CZ,2010,24121.144
all,CZ,2011,23335.941
all,CZ,2012,23321.757
all,CZ,2013,23126.347
all,CZ,2014,22439.445
all,CZ,2015,23093.898
all,CZ,2016,23690.581
all,CZ,2017,24440.504
all,CZ,2018,24186.092
all,CZ,2019,24222.332
all,CZ,2020,23753.374
all,DE,2009,196728.372
all,DE,2010,209923.09
all,DE,2011,199292.537
all,DE,2012,202662.536
all,DE,2013,208057.421
all,DE,2014,197229.019
all,DE,2015,200031.296
all,DE,2016,203666.981
all,DE,2017,204512.293
all,DE,2018,200684.593
all,DE,2019,200804.342
all,DE,2020,193616.957
all,DK,2009,14146.331
all,DK,2010,14850.955
all,DK,2011,14117.097
all,DK,2012,13612.515
all,DK,2013,13461.011
all,DK,2014,12932.566
all,DK,2015,13462.655
all,DK,2016,13764.298
all,DK,2017,13816.624
all,DK,2018,13807.065
all,DK,2019,13546.716
all,DK,2020,13130.771
all,EE,2009,2724.541
all,EE,2010,2878.489
all,EE,2011,2781.689
all,EE,2012,2827.225
all,EE,2013,2840.316
all,EE,2014,2774.349
all,EE,2015,2750.345
all,EE,2016,2794.835
all,EE,2017,2807.413
all,EE,2018,2887.281
all,EE,2019,2823.291
all,EE,2020,2726.818
all,EL,2009,19732.182
all,EL,2010,18373.799
all,EL,2011,18185.332
all,EL,2012,16402.985
all,EL,2013,14668.337
all,EL,2014,14804.112
all,EL,2015,15741.021
all,EL,2016,15879.176
all,EL,2017,15720.777
all,EL,2018,15152.503
all,EL,2019,15401.091
all,EL,2020,14482.855
all,ES,2009,84195.072
all,ES,2010,85494.707
all,ES,2011,82385.243
all,ES,2012,78995.093
all,ES,2013,76050.13
all,ES,2014,75138.488
all,ES,2015,75941.26
all,ES,2016,77626.932
all,ES,2017,79691.902
all,ES,2018,81689.296
all,ES,2019,81513.788
all,ES,2020,72323.256
all,FI,2009,22786.515
all,FI,2010,25026.204
all,FI,2011,23714.47
all,FI,2012,23940.013
all,FI,2013,23561.152
all,FI,2014,23414.801
all,FI,2015,23048.993
all,FI,2016,24011.195
all,FI,2017,24613.485
all,FI,2018,25005.02
all,FI,2019,24728.507
all,FI,2020,23191.074
all,FR,2009,142254.918
all,FR,2010,146258.394
all,FR,2011,141064.3
all,FR,2012,146059.426
all,FR,2013,148813.512
all,FR,2014,137711.422
all,FR,2015,140867.459
all,FR,2016,143408.691
all,FR,2017,142342.752
all,FR,2018,140324.692
all,FR,2019,139131.269
all,FR,2020,128168.955
all,GE,2013,3505.478
all,GE,2014,3796.823
all,GE,2015,3919.153
all,GE,2016,4165.671
all,GE,2017,4212.4
all,GE,2018,4155.102
all,GE,2019,4266.538
all,GE,2020,4188.821
all,HR,2009,7098.77
all,HR,2010,7129.931
all,HR,2011,6875.184
all,HR,2012,6559.662
all,HR,2013,6468.037
all,HR,2014,6130.773
all,HR,2015,6484.349
all,HR,2016,6531.665
all,HR,2017,6792.599
all,HR,2018,6682.495
all,HR,2019,6726.385
all,HR,2020,6431.987
all,HU,2009,16562.12
all,HU,2010,16879.616
all,HU,2011,16917.517
all,HU,2012,16003.531
all,HU,2013,16255.431
all,HU,2014,15775.708
all,HU,2015,16829.628
all,HU,2016,17306.308
all,HU,2017,17874.513
all,HU,2018,17849.381
all,HU,2019,17969.639
all,HU,2020,17601.52
all,IE,2009,11230.707
all,IE,2010,11186.951
all,IE,2011,10358.691
all,IE,2012,10173.625
all,IE,2013,10246.872
all,IE,2014,10189.516
all,IE,2015,10512.54
all,IE,2016,10921.093
all,IE,2017,10871.506
all,IE,2018,11335.707
all,IE,2019,11317.019
all,IE,2020,10840.191
all,IS,2009,2563.602
all,IS,2010,2517.495
all,IS,2011,2521.164
all,IS,2012,2600.49
all,IS,2013,2706.726
all,IS,2014,2739.703
all,IS,2015,2848.624
all,IS,2016,2801.368
all,IS,2017,2848.956
all,IS,2018,3078.878
all,IS,2019,2934.494
all,IS,2020,2869.721
all,IT,2009,121907.849
all,IT,2010,123052.729
all,IT,2011,117518.026
all,IT,2012,116559.044
all,IT,2013,114053.675
all,IT,2014,108848.35
all,IT,2015,112108.171
all,IT,2016,111554.603
all,IT,2017,113611.214
all,IT,2018,114296.937
all,IT,2019,113119.475
all,IT,2020,103057.147
all,LT,2009,4606.207
all,LT,2010,4757.259
all,LT,2011,4728.244
all,LT,2012,4838.968
all,LT,2013,4712.305
all,LT,2014,4800.537
all,LT,2015,4779.51
all,LT,2016,5003.215
all,LT,2017,5239.082
all,LT,2018,5466.581
all,LT,2019,5460.021
all,LT,2020,5284.212
all,LU,2009,3659.24
all,LU,2010,3895.179
all,LU,2011,3889.18
all,LU,2012,3799.238
all,LU,2013,3753.096
all,LU,2014,3596.583
all,LU,2015,3534.545
all,LU,2016,3533.332
all,LU,2017,3607.616
all,LU,2018,3736.716
all,LU,2019,3790.355
all,LU,2020,3265.475
all,LV,2009,3937.475
all,LV,2010,4002.237
all,LV,2011,3751.161
all,LV,2012,3908.282
all,LV,2013,3732.245
all,LV,2014,3776.066
all,LV,2015,3680.167
all,LV,2016,3697.443
all,LV,2017,3875.195
all,LV,2018,4024.765
all,LV,2019,3924.687
all,LV,2020,3798.185
all,MD,2010,2268.192
all,MD,2011,2336.77
all,MD,2012,2267.918
all,MD,2013,2294.391
all,MD,2014,2295.133
all,MD,2015,2357.098
all,MD,2016,2457.919
all,MD,2017,2589.822
all,MD,2018,2702.596
all,MD,2019,2581.574
all,MD,2020,2532.223
all,ME,2009,724.27
all,ME,2010,714.626
all,ME,2011,719.28
all,ME,2012,698.97
all,ME,2013,640.991
all,ME,2014,628.575
all,ME,2015,662.644
all,ME,2016,688.761
all,ME,2017,728.889
all,ME,2018,729.633
all,ME,2019,760.625
all,ME,2020,696.84
all,MK,2009,1672.72
all,MK,2010,1789.926
all,MK,2011,1903.21
all,MK,2012,1845.693
all,MK,2013,1814.802
all,MK,2014,1797.481
all,MK,2015,1837.589
all,MK,2016,1847.733
all,MK,2017,1858.961
all,MK,2018,1832.761
all,MK,2019,1937.818
all,MK,2020,1823.925
all,MT,2009,362.496
all,MT,2010,401.35
all,MT,2011,388.461
all,MT,2012,407.257
all,MT,2013,421.114
all,MT,2014,435.716
all,MT,2015,462.343
all,MT,2016,458.759
all,MT,2017,492.38
all,MT,2018,513.265
all,MT,2019,544.459
all,MT,2020,499.875
all,NL,2009,47131.065
all,NL,2010,50750.459
all,NL,2011,46801.356
all,NL,2012,47021.79
all,NL,2013,47160.0
all,NL,2014,42691.806
all,NL,2015,43503.883
all,NL,2016,44493.404
all,NL,2017,44677.0
all,NL,2018,45146.411
all,NL,2019,44317.171
all,NL,2020,42261.788
all,NO,2009,18216.419
all,NO,2010,19463.421
all,NO,2011,18806.465
all,NO,2012,19029.278
all,NO,2013,19025.182
all,NO,2014,18613.149
all,NO,2015,18847.228
all,NO,2016,19171.661
all,NO,2017,19285.569
all,NO,2018,19413.347
all,NO,2019,19471.047
all,NO,2020,18928.581
all,PL,2009,60591.998
all,PL,2010,65257.858
all,PL,2011,63610.484
all,PL,2012,63257.875
all,PL,2013,62106.266
all,PL,2014,60203.402
all,PL,2015,60861.471
all,PL,2016,65136.436
all,PL,2017,69241.013
all,PL,2018,73082.617
all,PL,2019,71890.679
all,PL,2020,70250.647
all,PT,2009,17418.414
all,PT,2010,17269.567
all,PT,2011,16441.254
all,PT,2012,15111.588
all,PT,2013,14908.318
all,PT,2014,15386.388
all,PT,2015,15550.875
all,PT,2016,15640.739
all,PT,2017,15900.697
all,PT,2018,16154.479
all,PT,2019,16356.34
all,PT,2020,15215.17
all,RO,2009,21775.633
all,RO,2010,22038.77
all,RO,2011,22590.604
all,RO,2012,22629.168
all,RO,2013,21631.325
all,RO,2014,21470.367
all,RO,2015,21600.24
all,RO,2016,21935.25
all,RO,2017,22980.154
all,RO,2018,23444.791
all,RO,2019,23712.653
all,RO,2020,23472.38
all,RS,2009,8253.448
all,RS,2010,8762.533
all,RS,2011,9082.112
all,RS,2012,8412.293
all,RS,2013,8201.681
all,RS,2014,7681.612
all,RS,2015,7885.885
all,RS,2016,8206.431
all,RS,2017,8363.238
all,RS,2018,8435.035
all,RS,2019,8361.004
all,RS,2020,8658.338
all,SE,2009,30257.495
all,SE,2010,32470.569
all,SE,2011,32064.667
all,SE,2012,32311.573
all,SE,2013,31671.579
all,SE,2014,30928.825
all,SE,2015,31510.948
all,SE,2016,32037.681
all,SE,2017,31849.848
all,SE,2018,31729.198
all,SE,2019,31304.823
all,SE,2020,31454.317
all,SI,2009,4842.593
all,SI,2010,5047.44
all,SI,2011,5037.235
all,SI,2012,4909.818
all,SI,2013,4804.23
all,SI,2014,4608.016
all,SI,2015,4715.243
all,SI,2016,4893.658
all,SI,2017,4958.98
all,SI,2018,4952.728
all,SI,2019,4862.82
all,SI,2020,4428.839
all,SK,2009,9654.671
all,SK,2010,10371.086
all,SK,2011,9732.586
all,SK,2012,9198.465
all,SK,2013,9412.124
all,SK,2014,8740.489
all,SK,2015,8939.677
all,SK,2016,9225.739
all,SK,2017,9903.027
all,SK,2018,9911.515
all,SK,2019,10248.401
all,SK,2020,9610.916
all,TR,2009,67500.576
all,TR,2010,71036.168
all,TR,2011,76076.088
all,TR,2012,79158.418
all,TR,2013,78466.784
all,TR,2014,80844.293
all,TR,2015,86846.978
all,TR,2016,90318.129
all,TR,2017,100475.004
all,TR,2018,98632.997
all,TR,2019,99100.143
all,TR,2020,101143.008
all,UA,2009,63324.836
all,UA,2010,68387.54
all,UA,2011,69646.492
all,UA,2012,66404.075
all,UA,2013,65144.066
all,UA,2014,57893.824
all,UA,2015,47488.152
all,UA,2016,48826.188
all,UA,2017,47345.792
all,UA,2018,48417.734
all,UA,2019,46886.431
all,UA,2020,44184.237
all,UK,2009,124351.97
all,UK,2010,130080.082
all,UK,2011,118840.372
all,UK,2012,122658.595
all,UK,2013,123395.413
all,UK,2014,116594.037
all,UK,2015,120063.341
all,UK,2016,121886.092
all,UK,2017,120950.747
all,UK,2018,122583.69
all,UK,2019,121414.483
all,XK,2009,1168.988
all,XK,2010,1190.842
all,XK,2011,1266.098
all,XK,2012,1219.372
all,XK,2013,1167.578
all,XK,2014,1230.7
all,XK,2015,1339.928
all,XK,2016,1433.037
all,XK,2017,1516.064
all,XK,2018,1471.026
all,XK,2019,1515.131
all,XK,2020,1524.673
commercial,AL,2009,173.753
commercial,AL,2010,159.469
commercial,AL,2011,163.473
commercial,AL,2012,157.272
commercial,AL,2013,190.984
commercial,AL,2014,179.239
commercial,AL,2015,196.853
commercial,AL,2016,179.284
commercial,AL,2017,213.604
commercial,AL,2018,215.22
commercial,AL,2019,228.317
commercial,AL,2020,197.622
commercial,AT,2009,2640.337
commercial,AT,2010,2625.836
commercial,AT,2011,2555.31
commercial,AT,2012,2553.249
commercial,AT,2013,2539.345
commercial,AT,2014,2423.632
commercial,AT,2015,2478.658
commercial,AT,2016,2434.731
commercial,AT,2017,2638.323
commercial,AT,2018,2579.065
commercial,AT,2019,2647.699
commercial,AT,2020,2569.835
commercial,BA,2014,163.649
commercial,BA,2015,357.703
commercial,BA,2016,435.411
commercial,BA,2017,355.631
commercial,BA,2018,348.522
commercial,BA,2019,407.073
commercial,BA,2020,377.639
commercial,BE,2009,4714.43
commercial,BE,2010,4997.81
commercial,BE,2011,4411.897
commercial,BE,2012,4624.719
commercial,BE,2013,4913.778
commercial,BE,2014,4246.35
commercial,BE,2015,4618.939
commercial,BE,2016,4644.835
commercial,BE,2017,4645.029
commercial,BE,2018,4660.908
commercial,BE,2019,4607.335
commercial,BE,2020,4469.982
commercial,BG,2009,970.058
commercial,BG,2010,1026.678
commercial,BG,2011,1089.74
commercial,BG,2012,1069.698
commercial,BG,2013,1029.822
commercial,BG,2014,992.002
commercial,BG,2015,1078.658
commercial,BG,2016,1157.041
commercial,BG,2017,1167.156
commercial,BG,2018,1231.216
commercial,BG,2019,1267.911
commercial,BG,2020,1079.928
commercial,CY,2009,235.766
commercial,CY,2010,248.249
commercial,CY,2011,236.358
commercial,CY,2012,222.642
commercial,CY,2013,203.12
commercial,CY,2014,200.484
commercial,CY,2015,206.645
commercial,CY,2016,221.247
commercial,CY,2017,229.032
commercial,CY,2018,270.142
commercial,CY,2019,281.464
commercial,CY,2020,239.903
commercial,CZ,2009,2977.074
commercial,CZ,2010,3249.062
commercial,CZ,2011,3132.559
commercial,CZ,2012,3039.527
commercial,CZ,2013,3010.066
commercial,CZ,2014,2922.578
commercial,CZ,2015,2977.367
commercial,CZ,2016,3091.444
commercial,CZ,2017,3180.772
commercial,CZ,2018,3127.767
commercial,CZ,2019,3191.895
commercial,CZ,2020,2987.047
commercial,DE,2009,33666.036
commercial,DE,2010,34806.768
commercial,DE,2011,30735.597
commercial,DE,2012,32027.815
commercial,DE,2013,33549.528
commercial,DE,2014,30766.034
commercial,DE,2015,32289.872
commercial,DE,2016,31865.517
commercial,DE,2017,31837.801
commercial,DE,2018,28892.812
commercial,DE,2019,27533.764
commercial,DE,2020,26772.162
commercial,DK,2009,1995.649
commercial,DK,2010,2128.258
commercial,DK,2011,1947.914
commercial,DK,2012,1978.549
commercial,DK,2013,1964.487
commercial,DK,2014,1847.338
commercial,DK,2015,1896.04
commercial,DK,2016,1946.897
commercial,DK,2017,1991.014
commercial,DK,2018,1982.804
commercial,DK,2019,1917.076
commercial,DK,2020,1822.347
commercial,EE,2009,418.577
commercial,EE,2010,424.239
commercial,EE,2011,402.178
commercial,EE,2012,423.52
commercial,EE,2013,417.892
commercial,EE,2014,457.642
commercial,EE,2015,465.395
commercial,EE,2016,498.236
commercial,EE,2017,466.591
commercial,EE,2018,490.269
commercial,EE,2019,467.033
commercial,EE,2020,471.449
commercial,EL,2009,2153.685
commercial,EL,2010,1957.407
commercial,EL,2011,1870.116
commercial,EL,2012,1940.591
commercial,EL,2013,1820.639
commercial,EL,2014,1714.028
commercial,EL,2015,1874.935
commercial,EL,2016,2037.527
commercial,EL,2017,2191.693
commercial,EL,2018,2093.373
commercial,EL,2019,2135.469
commercial,EL,2020,1903.485
commercial,ES,2009,9406.256
commercial,ES,2010,9786.481
commercial,ES,2011,10227.954
commercial,ES,2012,10111.196
commercial,ES,2013,9675.292
commercial,ES,2014,8942.106
commercial,ES,2015,9520.57
commercial,ES,2016,9841.23
commercial,ES,2017,10145.214
commercial,ES,2018,10263.442
commercial,ES,2019,10310.564
commercial,ES,2020,9451.495
commercial,FI,2009,2889.53
commercial,FI,2010,3099.854
commercial,FI,2011,2865.958
commercial,FI,2012,3029.687
commercial,FI,2013,2907.402
commercial,FI,2014,2890.269
commercial,FI,2015,2736.874
commercial,FI,2016,2889.923
commercial,FI,2017,2959.749
commercial,FI,2018,3078.007
commercial,FI,2019,3014.998
commercial,FI,2020,2809.781
commercial,FR,2009,22890.078
commercial,FR,2010,24102.912
commercial,FR,2011,21058.756
commercial,FR,2012,22624.593
commercial,FR,2013,23397.994
commercial,FR,2014,21471.33
commercial,FR,2015,22283.207
commercial,FR,2016,22407.076
commercial,FR,2017,22756.985
commercial,FR,2018,22337.875
commercial,FR,2019,21910.343
commercial,FR,2020,20340.877
commercial,GE,2013,351.85
commercial,GE,2014,433.077
commercial,GE,2015,402.614
commercial,GE,2016,433.638
commercial,GE,2017,452.855
commercial,GE,2018,514.751
commercial,GE,2019,535.532
commercial,GE,2020,412.919
commercial,HR,2009,756.212
commercial,HR,2010,797.192
commercial,HR,2011,786.281
commercial,HR,2012,757.876
commercial,HR,2013,740.703
commercial,HR,2014,693.23
commercial,HR,2015,763.126
commercial,HR,2016,780.375
commercial,HR,2017,817.544
commercial,HR,2018,832.507
commercial,HR,2019,835.405
commercial,HR,2020,757.378
commercial,HU,2009,2903.651
commercial,HU,2010,3048.64
commercial,HU,2011,3053.612
commercial,HU,2012,2353.881
commercial,HU,2013,2337.107
commercial,HU,2014,2114.78
commercial,HU,2015,2203.657
commercial,HU,2016,2190.526
commercial,HU,2017,2154.189
commercial,HU,2018,2098.672
commercial,HU,2019,2050.439
commercial,HU,2020,1999.977
commercial,IE,2009,1490.985
commercial,IE,2010,1556.977
commercial,IE,2011,1507.728
commercial,IE,2012,1561.866
commercial,IE,2013,1593.925
commercial,IE,2014,1504.19
commercial,IE,2015,1608.311
commercial,IE,2016,1646.226
commercial,IE,2017,1643.18
commercial,IE,2018,1764.848
commercial,IE,2019,1818.492
commercial,IE,2020,1829.12
commercial,IS,2009,303.427
commercial,IS,2010,302.565
commercial,IS,2011,301.744
commercial,IS,2012,324.883
commercial,IS,2013,333.381
commercial,IS,2014,363.777
commercial,IS,2015,396.585
commercial,IS,2016,422.665
commercial,IS,2017,399.349
commercial,IS,2018,511.896
commercial,IS,2019,529.921
commercial,IS,2020,490.332
commercial,IT,2009,16919.464
commercial,IT,2010,16978.719
commercial,IT,2011,15751.376
commercial,IT,2012,15930.534
commercial,IT,2013,15846.527
commercial,IT,2014,14666.679
commercial,IT,2015,15391.466
commercial,IT,2016,15439.966
commercial,IT,2017,18242.166
commercial,IT,2018,19002.194
commercial,IT,2019,18192.3
commercial,IT,2020,16557.57
commercial,LT,2009,590.787
commercial,LT,2010,600.7
commercial,LT,2011,583.961
commercial,LT,2012,610.064
commercial,LT,2013,593.023
commercial,LT,2014,585.668
commercial,LT,2015,574.923
commercial,LT,2016,602.552
commercial,LT,2017,633.867
commercial,LT,2018,651.177
commercial,LT,2019,626.707
commercial,LT,2020,576.205
commercial,LU,2009,375.89
commercial,LU,2010,424.139
commercial,LU,2011,339.836
commercial,LU,2012,383.672
commercial,LU,2013,399.689
commercial,LU,2014,353.432
commercial,LU,2015,396.759
commercial,LU,2016,399.966
commercial,LU,2017,449.066
commercial,LU,2018,460.683
commercial,LU,2019,519.37
commercial,LU,2020,493.027
commercial,LV,2009,572.964
commercial,LV,2010,597.801
commercial,LV,2011,556.709
commercial,LV,2012,623.331
commercial,LV,2013,600.446
commercial,LV,2014,608.772
commercial,LV,2015,586.308
commercial,LV,2016,592.494
commercial,LV,2017,607.014
commercial,LV,2018,592.045
commercial,LV,2019,568.824
commercial,LV,2020,550.364
commercial,MD,2010,272.53
commercial,MD,2011,270.67
commercial,MD,2012,269.477
commercial,MD,2013,258.252
commercial,MD,2014,237.402
commercial,MD,2015,246.475
commercial,MD,2016,258.611
commercial,MD,2017,256.417
commercial,MD,2018,273.302
commercial,MD,2019,263.068
commercial,MD,2020,245.099
commercial,ME,2009,3.96
commercial,ME,2010,4.627
commercial,ME,2011,8.46
commercial,ME,2012,8.622
commercial,ME,2013,13.741
commercial,ME,2014,68.962
commercial,ME,2015,70.372
commercial,ME,2016,79.372
commercial,ME,2017,86.454
commercial,ME,2018,87.81
commercial,ME,2019,108.855
commercial,ME,2020,89.757
commercial,MK,2009,241.709
commercial,MK,2010,233.908
commercial,MK,2011,206.178
commercial,MK,2012,228.654
commercial,MK,2013,201.851
commercial,MK,2014,196.034
commercial,MK,2015,211.872
commercial,MK,2016,212.935
commercial,MK,2017,214.63
commercial,MK,2018,210.231
commercial,MK,2019,211.521
commercial,MK,2020,179.717
commercial,MT,2009,70.632
commercial,MT,2010,92.08
commercial,MT,2011,88.007
commercial,MT,2012,100.415
commercial,MT,2013,103.516
commercial,MT,2014,110.711
commercial,MT,2015,120.944
commercial,MT,2016,118.292
commercial,MT,2017,128.355
commercial,MT,2018,121.063
commercial,MT,2019,127.555
commercial,MT,2020,122.699
commercial,NL,2009,7327.89
commercial,NL,2010,7846.854
commercial,NL,2011,6989.448
commercial,NL,2012,7238.688
commercial,NL,2013,7267.758
commercial,NL,2014,6412.357
commercial,NL,2015,6738.251
commercial,NL,2016,6780.95
commercial,NL,2017,6931.533
commercial,NL,2018,6915.516
commercial,NL,2019,6771.311
commercial,NL,2020,6466.402
commercial,NO,2009,2929.05
commercial,NO,2010,3011.718
commercial,NO,2011,2853.364
commercial,NO,2012,2962.313
commercial,NO,2013,3027.639
commercial,NO,2014,2888.943
commercial,NO,2015,2929.994
commercial,NO,2016,3148.264
commercial,NO,2017,3088.712
commercial,NO,2018,3160.184
commercial,NO,2019,3191.335
commercial,NO,2020,3018.328
commercial,PL,2009,8040.534
commercial,PL,2010,8836.691
commercial,PL,2011,8429.508
commercial,PL,2012,8363.91
commercial,PL,2013,8078.737
commercial,PL,2014,7788.281
commercial,PL,2015,7842.255
commercial,PL,2016,8502.84
commercial,PL,2017,8044.436
commercial,PL,2018,7928.522
commercial,PL,2019,7808.027
commercial,PL,2020,7580.285
commercial,PT,2009,2043.248
commercial,PT,2010,1884.21
commercial,PT,2011,1856.353
commercial,PT,2012,1843.417
commercial,PT,2013,1786.725
commercial,PT,2014,2284.617
commercial,PT,2015,2356.381
commercial,PT,2016,2289.624
commercial,PT,2017,2301.406
commercial,PT,2018,2380.697
commercial,PT,2019,2359.341
commercial,PT,2020,2159.498
commercial,RO,2009,1760.388
commercial,RO,2010,1880.538
commercial,RO,2011,1774.282
commercial,RO,2012,1763.099
commercial,RO,2013,1784.9
commercial,RO,2014,1768.388
commercial,RO,2015,1761.969
commercial,RO,2016,1806.394
commercial,RO,2017,1858.427
commercial,RO,2018,1976.15
commercial,RO,2019,1962.137
commercial,RO,2020,1834.29
commercial,RS,2009,843.444
commercial,RS,2010,905.62
commercial,RS,2011,1046.67
commercial,RS,2012,834.956
commercial,RS,2013,803.644
commercial,RS,2014,772.34
commercial,RS,2015,874.645
commercial,RS,2016,886.391
commercial,RS,2017,939.812
commercial,RS,2018,891.441
commercial,RS,2019,863.53
commercial,RS,2020,856.617
commercial,SE,2009,4036.871
commercial,SE,2010,4333.817
commercial,SE,2011,3864.91
commercial,SE,2012,4046.355
commercial,SE,2013,3958.982
commercial,SE,2014,3960.473
commercial,SE,2015,4022.234
commercial,SE,2016,4216.875
commercial,SE,2017,3991.218
commercial,SE,2018,4120.828
commercial,SE,2019,4024.796
commercial,SE,2020,4007.556
commercial,SI,2009,490.996
commercial,SI,2010,532.638
commercial,SI,2011,531.47
commercial,SI,2012,453.358
commercial,SI,2013,467.775
commercial,SI,2014,427.211
commercial,SI,2015,454.503
commercial,SI,2016,492.427
commercial,SI,2017,480.68
commercial,SI,2018,474.453
commercial,SI,2019,451.994
commercial,SI,2020,415.346
commercial,SK,2009,1944.416
commercial,SK,2010,2105.4
commercial,SK,2011,1601.718
commercial,SK,2012,1451.245
commercial,SK,2013,1710.558
commercial,SK,2014,1233.318
commercial,SK,2015,1299.549
commercial,SK,2016,1308.325
commercial,SK,2017,1426.737
commercial,SK,2018,1314.726
commercial,SK,2019,1222.219
commercial,SK,2020,1108.483
commercial,TR,2009,9790.714
commercial,TR,2010,9493.149
commercial,TR,2011,9903.139
commercial,TR,2012,11005.128
commercial,TR,2013,10611.925
commercial,TR,2014,11021.419
commercial,TR,2015,12194.776
commercial,TR,2016,12415.869
commercial,TR,2017,13567.21
commercial,TR,2018,12545.67
commercial,TR,2019,13968.181
commercial,TR,2020,13883.565
commercial,UA,2009,4181.519
commercial,UA,2010,4652.342
commercial,UA,2011,5129.446
commercial,UA,2012,5006.804
commercial,UA,2013,5767.651
commercial,UA,2014,4664.962
commercial,UA,2015,3888.355
commercial,UA,2016,4671.814
commercial,UA,2017,4336.853
commercial,UA,2018,4720.627
commercial,UA,2019,4832.831
commercial,UA,2020,4869.916
commercial,UK,2009,15763.782
commercial,UK,2010,16526.94
commercial,UK,2011,15239.696
commercial,UK,2012,16232.096
commercial,UK,2013,16585.582
commercial,UK,2014,15523.581
commercial,UK,2015,16841.958
commercial,UK,2016,18092.42
commercial,UK,2017,17938.94
commercial,UK,2018,18222.399
commercial,UK,2019,18084.583
commercial,XK,2009,111.91
commercial,XK,2010,112.324
commercial,XK,2011,117.913
commercial,XK,2012,117.736
commercial,XK,2013,115.457
commercial,XK,2014,139.135
commercial,XK,2015,148.344
commercial,XK,2016,177.055
commercial,XK,2017,191.548
commercial,XK,2018,154.605
commercial,XK,2019,163.882
commercial,XK,2020,158.241
